user;nbre_jeux;moyenne_jeux
Wallace;9;52.1111111111111111
Wise;11;54.9090909090909091
Holland;14;49.7142857142857143
Hartman;9;52.0000000000000000
Weaver;12;49.1666666666666667
Bridges;10;62.9000000000000000
Lam;9;55.5555555555555556
Sexton;11;44.6363636363636364
Gonzales;10;64.5000000000000000
Grant;5;44.0000000000000000
